mime,count
text/html,2468695502
application/xhtml+xml,242087420
text/x-robots,54107493
application/pdf,12776524
text/plain,6963017
application/atom+xml,2849137
application/rss+xml,2201846
application/xml,1600821
text/calendar,808475
application/json,733771
application/octet-stream,349058
application/x-bibtex-text-file,268927
application/rdf+xml,251600
text/prs.lines.tag,228369
text/x-php,87941
text/csv,86570
text/x-vcard,84586
text/x-log,75301
application/pgp-signature,65406
application/vnd.google-earth.kml+xml,64511
application/x-tika-ooxml,61665
text/x-matlab,61616
application/x-pds,60409
application/x-tika-msoffice,53082
text/turtle,52433
application/vnd.openxmlformats-officedocument.wordprocessingml.document,47308
application/msword,46816
application/mbox,44602
text/x-perl,43531
application/x-endnote-refer,43219
application/rtf,34977
application/marc,34433
text/x-diff,34321
application/vnd.ms-excel,33600
application/vnd.openxmlformats-officedocument.spreadsheetml.sheet,30913
application/x-httpresponse,28809
application/epub+zip,26764
application/x-sh,23612
message/rfc822,22793
application/x-tex-tfm,21629
text/troff,20389
text/x-csrc,19870
text/css,17308
application/vnd.oasis.opendocument.text,16534
application/vnd.google-earth.kmz,15754
text/vtt,15458
application/gpx+xml,13257
text/x-vcalendar,12346
application/javascript,11961
application/smil+xml,11862
text/x-chdr,11609
application/x-stata-do,11149
text/x-sql,11072
application/x-tex,11007
application/x-mobipocket-ebook,10956
text/x-web-markdown,9796
text/x-python,9267
text/n3,8686
application/x-fictionbook+xml,8195
application/pkcs7-signature,8087
application/vnd.oasis.opendocument.spreadsheet,7788
application/vnd.ms-powerpoint,7741
application/x-wais-source,7641
application/x-tex-virtual-font,7234
application/x-votable+xml,7053
text/x-yaml,7018
application/x-atari-floppy-disk-image,6022
application/x-research-info-systems,5957
application/x-subrip,5669
text/x-patch,5544
application/x-bittorrent,5317
image/jpeg,5213
text/x-c++src,5190
text/tab-separated-values,5038
application/xspf+xml,5018
application/x-shockwave-flash,4869
text/x-rsrc,4786
text/x-config,4533
text/rdf+n3,4109
application/postscript,4101
application/x-x509-cert; format=der,3986
application/x-idl-save-file,3825
application/x-ms-asx,3658
text/text,3529
message/news,3481
text/x-suse-ymp,3253
application/marcxml+xml,3195
application/vnd.apple.mpegurl,3016
text/txt,2999
text/x-makefile,2994
text/x-jsp,2968
application/pls+xml,2909
text/vnd.abc,2823
application/vnd.ms-excel.sheet.macroenabled.12,2742
application/x-executable,2662
text/x-fortran,2531
application/x-jigdo,2490
application/dash+xml,2457
text/vnd.sun.j2me.app-descriptor,2457
application/vnd.sdmx.genericdata+xml,2285
application/onix-message+xml,2269
application/x-dbf,2180
application/metalink4+xml,2004
text/x-csv,1948
text/x-ruby,1762
application/mathematica,1757
application/zlib,1707
text/x-ini,1669
text/x-nfo,1666
text/x-rst,1638
multipart/related,1638
application/vnd.openxmlformats-officedocument.presentationml.presentation,1604
application/vnd.fdsn.mseed,1603
text/json,1479
application/vnd.ms-pki.stl,1469
text/x-objcsrc,1445
text/x-haskell,1394
text/x-c++hdr,1393
application/tei+xml,1368
text/x-assembly,1335
application/metalink+xml,1226
application/x-bat,1205
text/cache-manifest,1191
application/x-httpd-php,1147
application/illustrator,1146
application/x-x509-cert; format=pem,1140
application/gml+xml,1052
application/force-download,1041
application/vnd.ms-cab-compressed,1008
text/vnd.graphviz,1007
application/x-dvi,985
application/x-sibelius,967
text/ics,967
application/x-dtbook+xml,928
application/x-matlab-data,922
application/vnd.etsi.asic-e+zip,912
application/x-nwc,903
application/x-maven-pom+xml,884
text/x-delimtext,883
application/vnd.ms-spreadsheetml,873
text/x-lua,869
application/dyom,866
application/vnd.openxmlformats-officedocument.wordprocessingml.template,854
text/x-go,835
application/x-font-ttf,805
application/x-sqlite3,805
application/vnd.ms-fontobject,801
application/xslt+xml,790
application/mathml-presentation+xml,777
text/x-csharp,774
text/x-pascal,771
application/vnd.wordperfect; version=5.1,763
application/dita+xml; format=map,743
multipart/appledouble,738
application/x-sharedlib,713
application/vnd.datacite.datacite+xml,706
application/rls-services+xml,696
application/x-lha,691
application/coreldraw,676
application/x-plist,657
application/java-archive,647
application/pgp-encrypted,639
application/x-object,619
application/text,613
application/vnd.symbian.install,599
text/x-common-lisp,598
application/zip,590
application/vnd.fujixerox.ddd,588
application/vnd.tcpdump.pcap,587
text/x-research-info-systems,560
text/x-esriwkt,559
video/x-ms-asf,538
application/x-endnote-style,538
text/comma-separated-values,536
application/vnd.ms-excel.sheet.binary.macroenabled.12,530
application/x-xliff+xml,529
application/winhlp,524
text/x-basic,519
text/x-emacs-lisp,518
text/vnd.trolltech.linguist,514
application/x-latex,512
text/x-rockspec,512
text/x-fasta,492
audio/mpeg,487
application/vnd.openxmlformats-officedocument.presentationml.slideshow,483
application/x-bibtex,481
application/x-guitar-pro,477
application/download,475
message/x-emlx,469
application/x-hwp,469
application/x-dc+xml,456
application/vnd.oasis.opendocument.presentation,454
application/vnd.wordperfect; version=6.x,454
application/vnd.rn-realmedia,449
application/x-cpio,443
application/x-matroska,442
application/vnd.smaf,435
text/x-bibtex,426
application/sla,424
application/x-gtar,417
application/vnd.lotus-organizer,416
application/x-msaccess,410
binary/octet-stream,405
text/plan,389
application/x-spss-sav,388
application/java-vm,385
application/x-tmx,371
application/sldworks,367
text/x-c-atf,362
application/x-unknown-application-octet-stream,360
application/x-shapefile,357
text/plane,355
text/x-prolog,354
image/png,352
application/vnd.musician,345
text/vnd.turbo-stream.html,342
application/x-mspublisher,340
file/unknown,337
application/vnd.groove-tool-template,337
application/vnd.ms-word.document.macroenabled.12,334
application/davmount+xml,327
text/x-stsrc,327
text/x-actionscript,325
application/xml-dtd,325
text/x-tcl,306
application/x-excel,305
application/x-touhou,303
text/x-po,302
application/vnd.ms-works,300
text/x-cdli-conll,291
application/x-elc,284
application/vnd.adobe.indesign-idml-package,281
application/vnd.ms-outlook,279
application/vnd.apple.pages,279
text/x-conll-u,279
text/x-less,275
application/x-crossword,274
application/vnd.ms-htmlhelp,269
application/x-x509-cert,265
application/x-futuresplash,264
text/x-java-properties,261
text/tsv,259
application/x-archive,258
application/x-director,258
application/vnd.ms-xpsdocument,255
application/set,251
text/utf-8,247
application/x-sas,245
chemical/x-pdb,244
text/vcard,239
text/x-groovy,229
application/x-download,226
application/vnd.oasis.opendocument.graphics,225
application/dif+xml,220
octet/stream,215
application/vnd.opendap.dap4.data,208
application/x-berkeley-db; format=btree; version=4,208
text/x-ml,201
application/x-unknown,199
application/vnd.curl.car,196
text/x-asciidoc,196
text/x-d,192
text/directory,190
text/vnd.dmclientscript,187
application/cas,187
application/opensearchdescription+xml,185
text/x-m4,180
application/x-directory,179
application/wsdl+xml,172
text/x-vbdotnet,170
text/x-rpm-spec,169
text/x-verilog,168
application/vnd.ms-wordml,167
application/x-chrome-package,165
application/x-gpx+xml,164
text/transfac,160
application/x-brotli,159
application/x-mmm-digisonde,159
text/x-mrml,153
application/lrf,150
application/vnd.ms-word2006ml,149
application/vnd.openxmlformats-officedocument.spreadsheetml.template,147
text/x-vbscript,147
text/enriched,147
text/jaspar,142
text/ris,140
application/x-jtf+json,138
text/x-wiki,137
text/x-lex,137
application/x-empty,136
text/pfm,135
application/x-amiga-disk-format,134
model/vnd.dwf,133
application/vnd.lotus-notes,133
application/manifest+json,132
text/meme,130
application/save,130
text/x-eiffel,129
application/mods+xml,127
application/x-httpd-ea-php54,127
text/x-lilypond,126
application/cellml+xml,126
application/x-zoo,125
model/x3d+xml,125
application/x-teamstats,122
model/vnd.dwf; version=6,120
application/vnd.oasis.opendocument.text-template,120
application/mathml+xml,116
text/x-expect,116
application/x-grib,115
model/x3d+binary,115
text/x-scala,114
application/echo10+xml,113
application/x-java-pack200,113
unknown/unknown,112
text/x-scheme,111
application/x-gettext-catalog,110
application/skos+rdf+xml,109
text/x-icalendar,107
application/x-x509-key; format=pem,106
chemical/x-xyz,104
application/x-font-otf,103
application/x-pilot,102
application/dcm,100
text/x-vhdl,99
archive/pak,99
model/vnd.usdz+zip,99
application/x-doom,99
text/pgn,98
image/x-pict,98
text/php,95
text/x-awk,95
application/x-dtbresource+xml,95
text/x-scss,93
application/pkix-crl,93
application/vnd.sun.xml.writer,92
application/x-commodore-program,92
application/vnd.openofficeorg.extension,92
application/x-nesrom,91
application/vnd.nokia.n-gage.ac+xml,91
application/sbml+xml,91
application/hwp+zip,90
text/x-markdown,89
text/vnd.wap.wml,89
application/x-font-printer-metric,88
application/mp3,87
application/font-woff2,86
application/x-pkcs7-certificates,81
text/x-component,81
application/x-stata-dta; version=14,80
application/vnd.taverna.t2flow+xml,80
application/vnd.openxmlformats-officedocument.presentationml.template,79
application/txt,77
application/rom,75
application/amt,75
application/x-asprs,75
application/ld+json,74
text/x-ocaml,74
application/x-dms,72
application/x-msdownload,72
application/vnd.kde.kspread,72
application/vnd.visio,72
application/x-stata-dta,71
application/vnd.ms-powerpoint.presentation.macroenabled.12,70
application/x-font-type1,69
application/sbgn+xml,68
image/jpg,67
application/vnd.apple.numbers,65
application/x-sc,65
application/vnd.sun.xml.calc,65
application/pkix-cert,64
image/gif,64
application/xslfo+xml,63
application/reginfo+xml,61
application/vnd.digilite.prolights,60
image/svg+xml,60
text/x-gettext-catalog,59
text/x-vbasic,58
text/event-stream,58
application/vnd.ms-tnef,58
text/csd,57
application/atr,56
application/3d,56
application/wasm,56
text/x-idl,56
audio/vnd.wave,56
application/vnd.iccprofile,56
application/rfc+xml,55
application/vnd.msa-disk-image,54
application/vnd.recordare.musicxml+xml,53
application/vnd.mcd,52
application/unknown,52
text/x-sh,51
application/x-lharc,51
font/woff2,51
audio/mpeg3,51
text/x-yacc,50
application/onenote; format=one,49
application/x-mach-o,48
video/mp4,48
application/binary,48
application/x-tika-java-web-archive,47
application/x-file-to-save,47
application/x-x509-key; format=der,47
application/x-fat-diskimage,46
text/bibtex,46
text/x-sed,46
application/pwml+xml,44
application/x-ror-rdf+xml,44
application/vnd.apple.keynote,44
chemical/x-mdl-rdfile,44
inode/x-empty,44
application/x-bplist,43
application/ttml+xml,43
application/vnd.sun.xml.writer.template,43
application/x-mwc,42
application/vnd.xara,42
application/xfd,41
application/x-gbx,40
application/x-adobe-indesign,40
application/x-parquet,39
application/applefile,39
application/relax-ng-compact-syntax,39
application/vnd.ms-visio.drawing,39
application/x-ms-owner,39
application/spr,39
application/x-zmachine,39
model/vnd.dwfx+xps,38
application/ocsp-response,38
application/vnd.fujixerox.docuworks,38
application/x-sas-data,37
text/x-comma-separated-values,37
application/vnd.quark.quarkxpress,37
application/xsign,37
application/x-iso9660-image,36
application/fpn,36
application/vnd.tcpdump.pcapng,36
application/vnd.micrografx.flo,36
text/x-rexx,36
chemical/x-cdx,35
application/vnd.adobe.air-application-installer-package+zip,35
text/sgml,35
application/jww,35
application/gzip,35
application/vnd.sun.xml.impress,35
application/vnd.mozilla.xul+xml,35
application/timestamp-reply,34
application/vnd.stardivision.draw,34
application/xex,34
application/x-spectrum-tzx,33
text/download,33
application/x-xmind,33
application/x-octet-stream,33
application/vnd.oasis.opendocument.tika.flat.document,32
font/woff,32
application/x-esri-layer,32
application/vnd.oasis.opendocument.spreadsheet-template,32
application/x-protobuf,32
text/x-povray,31
application/x-sas-xport,31
application/url,31
text/x-java-source,30
application/vnd.ms-project,30
text/x-setext,30
application/vnd.iso.19139+xml,30
application/vnd.apple.installer+xml,29
application/rsd+xml,29
application/vnd.ms-word.template.macroenabled.12,29
application/vnd.google-earth.gpx+xml,29
application/x-ms-compress-szdd,28
application/vnd.antix.game-component,27
text/x-bibliography,27
application/x-compress,27
application/octect-stream,27
text/vnd.wap.sl,26
application/x-python-code,26
application/x-httpd-ea-php55,26
image/webp,25
application/timestamp-response,25
text/ckan_metapackage,25
text/gettext,25
application/applixware,25
application/ogg,25
application/tunx,24
text/tab-separated-value,24
application/csv,24
text/x-applescript,24
application/vnd.openstreetmap.data+xml,24
application/andrew-inset,24
application/vnd.ms-excel.template.macroenabled.12,24
text/x-velocity,23
application/font-woff,23
text/x-erlang,23
application/x-solartech-update,23
text/x-uuencode,23
application/stl,23
application/x-stata-dta; version=13,22
application/samlmetadata+xml,22
text/bin,22
application/vnd.koan,22
image/x-raw-panasonic,22
application/vnd.oasis.opendocument.chart,22
application/vnd.lotus-1-2-3; version=1,21
application/x-ace-compressed,21
audio/x-mpegurl,21
application/oebps-package+xml,21
text/markdown,21
application/x-musescore+xml,21
application/sparql-results+xml,21
application/winbolomap,20
application/x-zim,20
video/x-msvideo,20
model/gltf-binary,20
text/x-opml+xml,20
text/x-ada,20
text/gemini,20
application/x-expandedbook,20
text/x-processing,19
application/vnd.rim.cod,19
application/vnd.clonk.c4group,19
application/x-adobe-indesign-interchange,19
application/vnd.ant.fit,19
chemical/x-crossfire,19
application/oct-stream,19
text/x-cobol,19
audio/mp3,19
application/x-csv,19
application/envi.hdr,18
text/style,18
application/vnd.dna,18
application/vnd.enliven,18
application/mac-binhex40,18
text/x-modula,17
application/x-perl,17
application/x-chess-pgn,17
application/x-mysql-misam-compressed-index,17
text/x-registry,17
text/vnd.dvb.subtitle,17
image/vnd.dxf,17
application/x-nar+zip,17
application/dicom,17
application/vnd.citationstyles.style+xml,16
application/fhir+xml,16
application/vnd.iso.19115+xml,16
application/x-ms-wmz,16
text/pain,16
application/x-httpd-ea-php80,16
application/vnd.iptc.g2.knowledgeitem+xml,15
application/x-tika-java-enterprise-archive,15
application/vnd.powdertoy.save,15
application/x-mysql-table-definition,15
text/x-json,14
application/x-dvd-ifo,14
application/vnd.ms-excel.sheet.4,14
application/vnd.stardivision.impress,14
text/bib,14
application/xv+xml,14
application/x-tads,14
text/x-gettext-translation,14
application/x-mysql-misam-data,14
application/vnd.genomatix.tuxedo,13
application/vnd.stardivision.calc,13
font/opentype,13
text/x-haml,13
text/x-dachs-rd+xml,13
text/rdf+ttl,13
application/dxf,13
application/vnd.adobe.aftereffects.project,13
application/vnd.hbci,12
text/*,12
application/vnd.acucobol,12
model/vnd.gdl,12
application/x-webarchive,12
image/pjpeg,12
application/vnd.mif,12
application/ideaconnection,12
application/x-erdas-hfa,12
text/gpx+xml,12
application/x-java-jnilib,12
text/x-server-parsed-html,12
application/x-font-woff,12
x-application/octet-stream,12
application/x-mswrite,11
text/rdf+nt,11
text/vnd.viathinksoft.oidip,11
application/x-ms-reader,11
text/vnd.a,11
application/x-applescript,11
application/vnd.stardivision.writer,11
application/x-modrinth-modpack+zip,11
application/f4m+xml,11
application/x-commodore-lynx,11
application/x-prt,11
application/vnd.ecowin.chart,11
application/mac-compactpro,10
application/ti-nspire,10
httpd/unix-directory,10
application/stream,10
application/xaml+xml,10
x-nlk-alias/x-storable,10
application/gbx,10
application/vnd.taverna.scufl+xml,10
application/vnd.mindjet.mindmanager,10
text/srt,10
audio/mpegurl,10
application/vnd.ms-excel.addin.macroenabled.12,10
application/illustrator+ps,9
application/protocol-buffer,9
application/vnd.yellowriver-custom-menu,9
text/x-txt2tags,9
audio/flac,9
text/tg.work+xml,9
text/v-calendar,9
application/x-sea,9
application/vnd.topografix.gpx+xml,9
application/vnd.oasis.opendocument.presentation-template,9
text/dns,9
application/x-stuffit,9
application/x-go-sgf,9
application/octetstream,9
application/x-httpd-ea-php73,9
text/mml,9
application/simple-filter+xml,9
text/x-c++,9
application/x-ms-installer,9
text/x-cmake,8
application/vnd.fdf,8
multipart/x-zip,8
application/x-itunes-ipa,8
application/vcml+xml,8
text/csv.,8
application/x-dreamcast-vms-info,8
application/x-trash,8
application/warc,8
application/proses,8
application/x-force-download,8
application/jpg,8
application/x-lzx,8
application/x-google-protobuf,8
image/x-cmx,8
text/x-coffeescript,8
text/rss+xml,8
application/x-berkeley-db; format=hash,8
multipart/x-mixed-replace,8
application/ptx_auto_file,8
application/x-httpd-ea-php72,8
unknown/nothing,8
application/x-bbeb-book,8
text/x-mapcss,8
application/vnd.jats+xml,7
application/torrent,7
application/vnd.ms-powerpoint.slideshow.macroenabled.12,7
application/vnd.businessobjects,7
application/directory,7
text/x-sfv,7
text/vnd.fmi.flexstor,7
doesn/matter,7
application/vnd.adobe.adept+xml,7
text/obo,7
text/x-objc,7
application/g2f,7
application/x-ms-download,7
application/x-httpd-ea-php74,7
application/cbor,7
application/x-dreamcast-vms,7
application/vnd.ms-pki.seccat,7
application/x-scratch-project,6
application/vnd.mophun.application,6
text/pgp,6
text/ldt,6
application/x-wa-scheme,6
application/x-xfig,6
video/webm,6
application/x-tgif,6
application/xquery,6
image/*,6
application/x-makeself,6
text/blt,6
application/x-arj,6
application/x-foxmail,6
application/x-ashx,6
application/vnd.sdmx.structure+xml,6
application/xpr,6
text/shex,6
application/x-msschedule,6
text/x-aspectj,6
application/vnd.adobe.xdp+xml,6
text/vcalendar,5
application/dif10+xml,5
chemical/x-gaussian-cube,5
application/vnd.framemaker,5
application/octet-st,5
text/aspdotnet,5
text/x-forth,5
application/x-httpd-cgi,5
gpxapplication/gpx+xml,5
model/vnd.mts,5
text/owl-manchester,5
application/vnd.ms-excel.sheet.3,5
text/vnd.in3d.3dml,5
text/inquisit-script4,5
application/calendar+xml,5
text/wkt,5
text/icalendar,5
application/x-msexcel,5
application/ut,5
text/x-ruby-script,5
application/vnd.vectorworks,5
text/caledar,5
application/x-ttyrec,5
application/x-pmf,5
text/x-gettext,5
model/vrml,5
application/compsig,5
application/abr,5
application/marc+xml,5
application/x-adrift,5
application/vnd.sun.xml.draw,5
application/vnd.electricquilt.project.7,4
application/x-filemaker,4
application/blend,4
application/packettracer,4
application/vnd.lotus-1-2-3; version=2,4
text/x-pod,4
application/x-binary,4
application/x-appleworks,4
application/vnd.oasis.opendocument.graphics-template,4
application/xrds+xml,4
application/vnd.wolfram.wl,4
application/vnd.sun.xml.calc.template,4
text/scriptlet,4
text/x-boo,4
application/compiled-resource,4
application/vnd.rapidminer.rmp+zip,4
model/vnd.valve.source.compiled-map,4
application/dita+xml; format=topic,4
applicatin/download,4
text/tg.inputform+rdf+xml,4
unknown/d,4
text/plaintext,4
text/udo,4
application/nwc,4
application/replay,4
text/x-script.python,4
application/x-xz,4
text/x-algol68,4
text/vnd.debian.copyright,4
image/bmp,4
application/vnd.wf4ever.robundle+zip,4
chemical/x-gaussian-wavefunction,4
application/x-csh,4
application/vnd.americandynamics.acc,4
application/vnd.wordperfect,4
application/auto,4
application/x-info,4
application/x-httpd-ea-php70,4
application/x-blender,4
application/x-php,4
application/x-httpd-ea-php56,4
application/vnd.lotus-1-2-3; version=97+9.x,4
application/gpx,4
application/vnd,4
application/xproc+xml,4
application/x-gsp,4
application/tbx,4
application/xls,4
application/x-www-form-urlencoded,4
application/x-elf,4
plain/text,3
application/vnd.electricquilt.project.8,3
application/vnd.accpac.simply.imp,3
application/x-cdf,3
application/x-x509-dsa-parameters,3
application/x-dtbncx+xml,3
application/vnd.synthedit.project-file,3
text/type,3
application/vnd.lotus-1-2-3,3
chemical/x-molconn-z,3
text/rmd,3
appliation/octet-stream,3
application/vnd.balsamiq.bmml+xml,3
text/bibliography,3
application/x-pkcs12,3
audio/x-vclt,3
application/vnd.oasis.opendocument.text-master,3
text/asp,3
application/ideadetail,3
application/x-dsk,3
x-cmapstylesheet/x-storable,3
application/dcd,3
text/vnd.curl,3
application/vnd.wordperfect; version=5.0,3
application/ln.gossip,3
application/x-mw2-plugin,3
text/provenance-notation,3
application/voicexml+xml,3
application/grpc,3
application/vnd.excel,3
application/sc2replay,3
application/x-silverlight-app,3
text/vnd.fly,3
application/x-sobres,3
text/kdl,3
application/vnd.groove-tool-message,3
application/iso19115+xml,3
applications/octet-stream,3
text/error,3
application/vnd.oasis.opendocument.formula,3
text/x-dbus-service,3
text/ifc,3
text/inquisit,3
application-x/force-download,3
application/vnd.openxmlformats-officedocument.word,3
application/vnd.ogc.sld+xml,2
application/vnd.electricquilt.project.5,2
application/vnd.ms-visio.template,2
application/vnd.commonspace,2
application/vnd.mobius.mbk,2
application/vnd.lotus-wordpro,2
application/yxdb,2
application/vnd.wap.mms-message,2
application/dgofile,2
application/vnd.mastertool.file,2
application/x-unkown,2
application/valve-pak,2
application/x-brother-pes,2
audio/ogg,2
text/x-clojure,2
application/vnd.ms-visio.stencil,2
application/msword2,2
text/x-texmacs.doc,2
application/timestamped-data,2
application/png,2
multipart/form-data,2
text/x-pug,2
application/x-berkeley-db; format=hash; version=3,2
application/umd,2
text/x-script.r,2
application/vnd.openxmlformats,2
text/x-qml,2
application/srgs+xml,2
model/vnd.collada+xml,2
application/vnd.hp-pcl,2
application/lyt,2
archive/zip,2
text/x-opml,2
text/x-reject,2
application/pkcs8,2
application/gpub+zip,2
application/x-vuze,2
application/x-up-download,2
chemical/x-cml,2
application/xrd+xml,2
application/vnd.nintendo.snes.rom,2
application/x-font-bdf,2
application/wdl,2
application/n-triples,2
text/lrc,2
font/x-woff,2
text/richtext,2
application/x-t3vm-image,2
audio/midi,2
application/vnd.epson.msf,2
application/x-file-download,2
application/vnd.etsi.asic-s+zip,2
text/x-zmk,2
text/jsx,2
application/$image_active,2
application/x-project,2
application/x-activemime,2
application/mic,2
application/x-font-linux-psf,2
image/x-portable-graymap,2
audio/m4r,2
application/vnd.adobe.xfdf,2
x-type/subtype,2
application/vnd.oasis.opendocument.text-web,2
application/w3g,2
application/vnd.electricquilt.blockdata,2
chemical/x-compass,2
application/vnd.isac.fcs,2
document/unknown,2
application/x-ns-proxy-autoconfig,2
application/x-compressed,2
text/vnd.ascii-art,2
application/x-spectrum-tap,2
application/x-chat,2
application/vnd.fos.user-context-hash,2
application/x-extension-wings,2
text/x-dsrc,2
application/ris,2
text/stl,2
application/x-pnd,2
application/vnd.autopackage,2
text/x-hdml,2
application/phraseexpress,2
application/pkcs7-mime,2
text/ies,2
application/protobuf,2
application/onenote; format=package,2
application/vnd.webturbo,2
application/vnd.sun.xml.draw.template,2
image/x-3ds,2
application/vnd.arastra.swi,2
application/x-chips-challenge-levels,2
application/x-gettext-translation,2
application/vce,2
video/x-ms-wmv,2
application/vnd.oasis.opendocument.flat.text,2
application/pgnviewer,2
text/fasta,1
text/rdf+json,1
application/stream-octet,1
application/x-gnupg-keyring,1
application/t-time,1
application/x-mscardfile,1
application/x-quattro-pro; version=6,1
application/vnd.ms-artgalry,1
text/x-html-template,1
application/x-navimap,1
save/fasta-format,1
application/provenance+xml,1
application/dita+xml; format=task,1
text/vnd.ficlab.flt,1
application/data,1
application/tamp-sequence-adjust-confirm,1
application/rdf+thrift,1
text/plain',1
application/amstrad-cpc-rom,1
x-conference/x-cooltalk,1
file/download,1
text/rdf,1
application/vnd.stardivision.writer-global,1
text/.plain,1
application/vnd.ms-pki.certstore,1
application/vnd.ipld.raw,1
text/x-vala,1
text/uri-list,1
application/xlsx,1
application/opml+xml,1
application/ccxml+xml,1
text/adf,1
application/x-git,1
application/vnd.ipld.car,1
application/vnd.ms-outlook-pst,1
application/x-tar,1
application/x-kjx,1
text/x-gherkin,1
text/afl,1
application/x-mmz,1
application/x-quattro-pro,1
application/pkix-attr-cert,1
application/vnd.oma.dd+xml,1
application/exe,1
application/step,1
text/xsd+xml,1
application/x-loderunner-levels,1
application/x-libronix-update,1
application/x-wine-extension-ini,1
application/x-rar-compressed,1
application/x-json-stream,1
application/livecode,1
application/x-lzma,1
image/pdf,1
application/vnd.anyrail,1
x-soup/x-storable,1
application/x-xtreme-compressed,1
file/pdf,1
application/x-msterminal,1
drawing/lcf,1
application/dita+xml; format=concept,1
application/x-berkeley-db; format=hash; version=4,1
text/tsx,1
application/vnd.ms-visio.drawing.macroenabled.12,1
application/x-mld,1
application/vnd.hippo.blank,1
image/x-portable-anymap,1
application/autocad,1
application/vnd.etsi.tsl+xml,1
image/x-xcf,1
application/docbook+xml,1
chemical/x-vamas-iso14976,1
application/x-pcenv-cellml+xml,1
application/ocd,1
video/x-m4v,1
application/resource-lists+xml,1
text/explain,1
application/x-d64,1
application/doc,1
text/x-marc,1
text/x-dsl,1
application/pro_eng,1
application/vnd.sun.wadl+xml,1
application/fly,1
font/shx,1
text/vnd.familysearch.gedcom,1
application/vnd.adobe.fxp,1
application/x-corelpresentations,1
image/vnd.tencent.tap,1
application/x-mpegurl,1
application/stp+xml,1
text/x-genie,1
application/vnd.fsc.weblaunch,1
application/vnd.fluxtime.clip,1
application/vnd.electricquilt.project.mini,1
application/docx,1
images/gifts,1
application/scvp-vp-response,1
application/x-keepass2,1
application/x-dosexec,1
application/vnd.lnp-bp.rgb,1
application/x-fpt,1
application/x-isatab-assay,1
application/vnd.mapbox-vector-tile,1
application/rdf+protobuf,1
application/.octet-stream,1
text/prs.fallenstein.rst,1
application/vmd.lotus-freelance,1
application/x-glulx,1
application/x-gemini+xml,1
application/fedora-unmodified,1
application/octer-stream,1
application/vnd.cosmocaller,1
application/x-ms-nls,1
application/vnd.pocketlearn,1
text/plaintxt,1
application/x-internet-archive,1
application/empf+zip,1
text/vnd.net2phone.commcenter.command,1
metahtml/interpreted,1
text/x-unknown-content-type,1
text/ascii,1
application/bizagi-modeler,1
application/x-netcdf,1
application/ifc,1
application/geo+json,1
video/quicktime,1
text/trig,1
application/pgp-keys,1
audio/x-scpls,1
applications/rdf+xml,1
application/mpr,1
application/x-httpd-php5,1
application/gdb,1
chemical/x-cache,1
text/calender,1
application/octec-stream,1
audio/x-m3u,1
model/vnd.vtu,1
application/x-cbm-disk-image,1
application/.,1
application/vnd.wap.xhtml+xml,1
application/x-sas-program-data,1
application/ideabeam,1
application/ohttp-keys,1
application/ics,1
application/x-coredump,1
application/x-unknown-content-type,1
application/vnd.nintendo.nitro.rom,1
application/x-httpd-suphp,1
application/vnd.previewsystems.box,1
application/idearcs,1
text/ical,1
application/vnd.electricquilt.project.qdw,1
application/vnd.realvnc.bed,1
application/x-axcrypt,1
application/x-font-ghostscript,1
application/timestamp-query,1
application/x-js,1
text/x-python-script,1
application/x-octetstream,1
application/x-genesis-32x-rom,1
application/fdt+xml,1
text/x-org,1
application/vnd.oasis.opendocument.base,1
audio/x-mod,1
text/x-arduino,1
application/x-sas-data-v6,1
application/dsk,1
text/x-ascend,1
x-font/woff,1
application/octet-streams,1
images/gifs,1
application/vnd.iptc.g2.newsmessage+xml,1
x-lml/x-lmlpack,1
text/x-texmacs,1
application/vnd.oma.drm.content,1
application/x-font-adobe-metric,1
application/vnd.yamaha.smaf-phrase,1
application/resource-lists-diff+xml,1
application/x-sstp,1
application/x-sas-catalog,1
image/x-raw-olympus,1
chemical/x-mnova,1
text/javacript,1
application/gd,1
application/vnd.eri.thm,1
audio/x-pn-realaudio,1
application/x-dzip,1
application/octet-stream+fit,1
image/vnd.fst,1
application/vnd.api+json,1
chemical/x-mopac-input,1
application/protocol-bufer,1
text/org,1
text/gwdl.workflow+xml,1
application/x-feescale,1
text/shaclc,1
chemical/x-mdl-sdfile,1
application/x-qgis,1
test/plain,1
model/caligari,1
application/ewdf,1
application/x-ruby,1
application/vnd.trueapp,1
chemical/mdl-sdf,1
model/mesh,1
font/collection,1
application/vnd.rar,1
application/macbinary,1
application/vnd.chemdraw+xml,1
application/x-rev,1
application/x-ibooks+zip,0
application/x-vhd,0
application/isis,0
application/vnd.osgi.dp,0
application/msaccess,0
application/fbx,0
application/vnd.comsol,0
text/x-pcs-gcd,0
application/vnd.unity,0
application/vnd.yamaha.smaf-audio,0
application/tsu,0
application/x-beyond2020,0
application/pg_dump,0
application/msword5,0
application/vnd.electricquilt.fabric,0
application/vnd.kinar,0
application/vnd.mobius.daf,0
application/x-berkeley-db; format=hash; version=5,0
chemical/x-swissprot,0
application/vnd.comicbook+zip,0
application/vnd.hpe.signed-binary,0
application/x-chk-compressed,0
application/x.vnd.ibis.ibispaintx,0
application/vnd.ms-powerpoint.template.macroenabled.12,0
application/scvp-cv-response,0
chemical/x-chem3d,0
application/fpf+zip,0
application/vnd.spotfire.sfs,0
application/x-vmdk,0
application/x-lz4,0
application/x-imagewebserver-ecw,0
model/iges,0
text/x.gcode,0
x-force/download,0
application/x-apple-diskimage,0
application/x-authorware-bin,0
application/vnd.maxmind.maxmind-db,0
application/x-zsync,0
application/prs.nprend,0
application/ema+zip,0
application/daol-extension,0
model/e57,0
application/x-git-bundle,0
application/x-vdi-disk,0
application/2kp,0
application/x-tex-pk,0
application/x-qemu-disk,0
chemical/x-jcamp-dx,0
application/settlers,0
application/cu-seeme,0
application/pbf,0
application/mxf,0
application/x-atf+xml,0
application/x-iso,0
application/x-msmoney,0
application/x-roxio-toast,0
application/vnd.java.hprof,0
application/java-serialized-object,0
