mime,count
text/html,2525241904
application/xhtml+xml,243654091
text/x-robots,54110958
application/pdf,17247835
text/plain,7036062
application/atom+xml,2852501
application/rss+xml,2213051
application/xml,1635084
text/calendar,809261
application/json,738988
application/octet-stream,382942
application/x-bibtex-text-file,269010
application/rdf+xml,252361
text/prs.lines.tag,228369
text/csv,91259
text/x-php,88007
text/x-vcard,85204
text/x-log,78146
application/x-tika-ooxml,67497
application/pgp-signature,65409
application/vnd.google-earth.kml+xml,65093
text/x-matlab,61761
application/x-pds,60893
application/x-tika-msoffice,58436
text/turtle,52502
application/vnd.openxmlformats-officedocument.wordprocessingml.document,49672
application/msword,48820
text/x-perl,45908
application/mbox,45275
application/x-endnote-refer,43222
application/epub+zip,37214
application/rtf,35771
application/marc,35184
application/vnd.ms-excel,34895
text/x-diff,34576
application/vnd.openxmlformats-officedocument.spreadsheetml.sheet,32595
application/x-httpresponse,29040
application/x-sh,26616
message/rfc822,22888
application/x-tex-tfm,21629
text/troff,20837
text/x-csrc,19890
text/css,17329
application/vnd.oasis.opendocument.text,17180
application/vnd.google-earth.kmz,16723
text/vtt,15459
application/x-mobipocket-ebook,14881
application/gpx+xml,13690
text/x-vcalendar,12346
application/javascript,12037
application/smil+xml,11867
text/x-chdr,11639
text/x-sql,11302
application/x-stata-do,11181
application/x-tex,11007
application/x-asprs,9873
text/x-web-markdown,9824
text/x-python,9283
application/pkcs7-signature,8900
text/n3,8686
application/vnd.ms-powerpoint,8675
application/x-fictionbook+xml,8496
application/vnd.oasis.opendocument.spreadsheet,7879
application/x-wais-source,7641
application/postscript,7272
application/x-tex-virtual-font,7234
application/x-idl-save-file,7157
text/x-yaml,7058
application/x-votable+xml,7053
application/x-executable,6921
application/x-atari-floppy-disk-image,6023
application/x-research-info-systems,5957
application/x-subrip,5670
text/x-patch,5547
text/tab-separated-values,5384
application/x-bittorrent,5323
image/jpeg,5213
text/x-c++src,5200
application/xspf+xml,5019
application/x-shockwave-flash,4965
text/x-rsrc,4787
application/x-jigdo,4664
text/x-config,4583
application/vnd.openxmlformats-officedocument.presentationml.presentation,4538
text/rdf+n3,4110
application/x-x509-cert; format=der,4075
application/vnd.openxmlformats-officedocument.presentationml.slideshow,3935
application/x-ms-asx,3658
text/text,3529
message/news,3481
application/vnd.ms-excel.sheet.macroenabled.12,3361
application/vnd.apple.mpegurl,3355
text/x-suse-ymp,3253
application/marcxml+xml,3195
text/txt,3048
text/x-makefile,2994
text/x-jsp,2969
application/pls+xml,2912
application/vnd.fdsn.mseed,2883
text/vnd.abc,2823
application/illustrator,2672
application/force-download,2592
application/vnd.ms-cab-compressed,2573
text/x-fortran,2540
application/dash+xml,2458
text/vnd.sun.j2me.app-descriptor,2457
application/x-dbf,2449
application/vnd.sdmx.genericdata+xml,2382
application/onix-message+xml,2285
application/zlib,2127
application/mathematica,2125
application/x-sqlite3,2090
application/metalink4+xml,2004
text/x-csv,1954
multipart/related,1869
text/x-ruby,1769
application/vnd.ms-pki.stl,1731
application/x-matlab-data,1686
text/x-ini,1675
text/x-nfo,1666
text/x-rst,1640
text/json,1481
text/x-objcsrc,1457
text/x-haskell,1394
text/x-c++hdr,1394
application/tei+xml,1372
text/x-assembly,1345
application/x-sharedlib,1277
application/metalink+xml,1226
application/x-bat,1214
text/cache-manifest,1193
application/vnd.symbian.install,1160
application/x-httpd-php,1147
application/x-x509-cert; format=pem,1140
application/gml+xml,1112
application/vnd.etsi.asic-e+zip,1101
application/x-gtar,1052
application/x-dvi,1016
text/vnd.graphviz,1007
application/vnd.ms-spreadsheetml,985
application/vnd.ms-excel.sheet.binary.macroenabled.12,975
application/x-sibelius,967
text/ics,967
application/x-dtbook+xml,929
application/pgp-encrypted,922
application/vnd.openxmlformats-officedocument.wordprocessingml.template,907
application/x-nwc,903
text/x-lua,891
text/x-delimtext,884
application/x-maven-pom+xml,884
application/x-font-ttf,869
application/dyom,866
application/vnd.oasis.opendocument.presentation,860
text/x-go,835
application/x-archive,813
application/xslt+xml,807
application/vnd.ms-fontobject,806
application/x-lha,800
application/ogg,799
application/vnd.rn-realmedia,786
application/dita+xml; format=map,785
application/java-archive,781
application/mathml-presentation+xml,777
text/x-csharp,776
text/x-pascal,775
application/vnd.wordperfect; version=5.1,767
application/coreldraw,755
multipart/appledouble,746
binary/octet-stream,741
application/vnd.datacite.datacite+xml,706
application/rls-services+xml,697
application/x-tika-java-web-archive,683
application/x-matroska,665
application/x-plist,664
application/x-msaccess,647
application/x-zim,644
application/x-object,644
application/text,613
application/vnd.tcpdump.pcap,604
text/x-common-lisp,600
application/zip,590
application/vnd.fujixerox.ddd,588
application/x-xliff+xml,581
application/sla,576
text/x-research-info-systems,560
text/x-esriwkt,559
application/x-cpio,553
application/x-mspublisher,543
application/vnd.ms-htmlhelp,540
text/comma-separated-values,540
video/x-ms-asf,538
application/x-endnote-style,538
application/winhlp,527
text/vnd.trolltech.linguist,527
text/x-basic,520
text/x-emacs-lisp,518
application/x-latex,512
text/x-rockspec,512
application/x-hwp,512
application/download,508
application/vnd.apple.keynote,506
application/x-iso9660-image,500
text/x-fasta,492
audio/mpeg,487
application/vnd.opendap.dap4.data,485
chemical/x-pdb,481
application/x-bibtex,481
message/x-emlx,477
application/x-guitar-pro,477
application/x-stata-dta; version=14,469
application/x-dc+xml,456
application/vnd.wordperfect; version=6.x,455
application/x-spss-sav,453
application/dicom,436
application/vnd.smaf,435
application/vnd.iccprofile,435
application/x-doom,429
application/sldworks,427
text/x-bibtex,426
application/x-download,425
application/vnd.ms-word.document.macroenabled.12,423
application/vnd.lotus-organizer,416
application/x-shapefile,412
application/x-tmx,401
text/plan,389
application/java-vm,386
file/unknown,379
application/x-ms-installer,377
text/x-prolog,363
text/x-c-atf,362
application/x-unknown-application-octet-stream,360
application/vnd.apple.pages,355
text/plane,355
image/png,352
application/vnd.musician,348
text/x-actionscript,346
application/xml-dtd,346
application/x-futuresplash,346
application/vnd.groove-tool-template,342
text/vnd.turbo-stream.html,342
text/x-stsrc,331
application/davmount+xml,327
application/x-berkeley-db; format=btree; version=4,324
application/vnd.ms-xpsdocument,320
application/vnd.ms-outlook,308
text/x-tcl,306
application/x-excel,305
application/vnd.ms-works,304
application/x-touhou,303
text/x-po,303
application/x-director,303
application/x-itunes-ipa,301
text/x-cdli-conll,291
application/vnd.adobe.indesign-idml-package,288
application/x-elc,285
application/x-unknown,283
text/x-conll-u,279
application/x-adobe-indesign,278
text/x-less,275
application/x-crossword,274
application/x-x509-cert,265
application/mxf,264
text/tsv,263
text/x-java-properties,261
application/vnd.openofficeorg.extension,255
application/vnd.oasis.opendocument.graphics,253
application/set,251
text/x-asciidoc,248
text/utf-8,247
application/x-sas,246
text/vcard,239
application/vnd.ms-wordml,233
text/x-groovy,229
application/dif+xml,224
multipart/x-mixed-replace,224
octet/stream,215
application/vnd.curl.car,201
text/x-ml,201
application/x-mach-o,196
application/vnd.xara,194
text/x-d,193
application/lrf,193
application/vnd.spotfire.sfs,192
application/x-grib,191
text/directory,190
application/x-chrome-package,189
text/vnd.dmclientscript,187
application/cas,187
application/opensearchdescription+xml,185
application/x-fat-diskimage,182
application/vnd.ms-word2006ml,182
application/vnd.ms-powerpoint.presentation.macroenabled.12,181
text/x-m4,180
model/vnd.usdz+zip,179
application/x-directory,179
application/wsdl+xml,175
text/x-vbdotnet,171
model/vnd.dwf; version=6,171
text/x-rpm-spec,169
text/x-verilog,168
application/x-brotli,168
application/x-gpx+xml,165
application/save,160
text/transfac,160
application/x-mmm-digisonde,159
application/vnd.openxmlformats-officedocument.spreadsheetml.template,155
text/x-mrml,153
text/x-vbscript,147
text/enriched,147
application/mp3,144
application/vnd.openxmlformats-officedocument.presentationml.template,143
text/jaspar,142
text/ris,140
application/x-jtf+json,138
text/x-wiki,137
text/x-lex,137
application/x-empty,136
text/pfm,135
application/x-amiga-disk-format,135
model/vnd.dwf,133
application/vnd.lotus-notes,133
unknown/unknown,132
application/manifest+json,132
text/x-vhdl,130
text/meme,130
text/x-eiffel,129
application/mods+xml,127
application/x-httpd-ea-php54,127
text/x-lilypond,126
application/cellml+xml,126
model/x3d+xml,126
application/x-zoo,125
application/x-stata-dta,124
application/x-teamstats,122
application/vnd.oasis.opendocument.text-template,122
application/x-vmdk,117
application/mathml+xml,116
text/x-expect,116
model/x3d+binary,115
text/x-scala,114
application/echo10+xml,113
application/x-java-pack200,113
text/x-scheme,113
application/x-gettext-catalog,110
application/skos+rdf+xml,109
text/x-icalendar,107
application/x-x509-key; format=pem,106
chemical/x-xyz,105
application/x-font-otf,104
application/x-pilot,102
application/x-lharc,101
application/x-compress,101
application/dcm,100
text/pgn,99
archive/pak,99
application/hwp+zip,99
image/x-pict,98
application/vnd.visio,98
application/pkix-crl,97
text/php,96
application/x-dtbresource+xml,96
text/x-awk,95
application/vnd.sun.xml.writer,94
text/x-scss,93
application/x-commodore-program,92
application/x-nesrom,91
application/vnd.nokia.n-gage.ac+xml,91
application/sbml+xml,91
text/x-markdown,89
text/vnd.wap.wml,89
application/x-font-printer-metric,88
application/x-parquet,87
application/font-woff2,86
text/x-component,84
application/rom,83
application/vnd.apple.numbers,82
application/vnd.taverna.t2flow+xml,81
text/event-stream,81
application/x-pkcs7-certificates,81
application/txt,77
application/amt,75
application/ld+json,74
text/x-ocaml,74
application/x-dms,72
application/x-msdownload,72
application/vnd.kde.kspread,72
application/x-font-type1,70
application/sbgn+xml,68
application/x-sas-data,68
image/jpg,67
application/vnd.adobe.air-application-installer-package+zip,65
application/x-sc,65
application/vnd.sun.xml.calc,65
application/pkix-cert,64
image/gif,64
application/pwml+xml,63
x-force/download,63
application/xslfo+xml,63
application/wasm,62
application/reginfo+xml,61
text/x-vbasic,60
application/vnd.digilite.prolights,60
image/svg+xml,60
text/x-gettext-catalog,60
application/vnd.ms-tnef,60
text/csd,57
application/vnd.recordare.musicxml+xml,57
application/atr,56
application/3d,56
text/x-idl,56
audio/vnd.wave,56
application/rfc+xml,55
application/vnd.msa-disk-image,54
application/x-sas-xport,53
application/vnd.mcd,53
application/vnd.quark.quarkxpress,53
application/x-bplist,52
application/stream,52
application/unknown,52
application/vnd.isac.fcs,52
application/onenote; format=one,52
model/gltf-binary,51
application/x-apple-diskimage,51
text/x-sh,51
font/woff2,51
audio/mpeg3,51
model/vnd.mts,50
text/x-yacc,50
application/vnd.oasis.opendocument.tika.flat.document,49
model/vnd.dwfx+xps,48
application/x-up-download,48
application/x-xmind,48
video/mp4,48
application/binary,48
application/vnd.ms-powerpoint.slideshow.macroenabled.12,47
application/x-file-to-save,47
application/x-x509-key; format=der,47
application/x-gbx,46
application/envi.hdr,46
application/rsd+xml,46
text/bibtex,46
text/x-sed,46
application/x-ror-rdf+xml,45
application/applixware,45
chemical/x-mdl-rdfile,44
application/vnd.ms-visio.drawing,44
application/vnd.tcpdump.pcapng,44
inode/x-empty,44
application/ttml+xml,43
application/applefile,43
application/vnd.fujixerox.docuworks,43
application/vnd.sun.xml.writer.template,43
application/x-mwc,42
application/xfd,41
application/x-modrinth-modpack+zip,41
application/x-font-bdf,40
application/relax-ng-compact-syntax,39
text/x-comma-separated-values,39
application/x-ms-owner,39
application/spr,39
application/x-zmachine,39
application/ocsp-response,38
application/vnd.sun.xml.impress,38
application/xsign,37
application/fpn,36
application/vnd.micrografx.flo,36
text/x-rexx,36
chemical/x-cdx,35
application/data,35
text/sgml,35
application/jww,35
application/gzip,35
application/vnd.stardivision.draw,35
application/x-octet-stream,35
application/vnd.mozilla.xul+xml,35
application/x-atf+xml,35
application/timestamp-reply,34
application/xex,34
application/x-spectrum-tzx,33
text/download,33
application/vnd.ms-project,33
application/x-protobuf,33
font/woff,32
application/x-esri-layer,32
application/x-stata-dta; version=13,32
application/vnd.oasis.opendocument.spreadsheet-template,32
application/x-zsync,32
application/x-makeself,32
text/x-povray,31
application/url,31
application/vnd.apple.installer+xml,30
text/x-java-source,30
application/vnd.ms-word.template.macroenabled.12,30
application/x-stuffit,30
text/x-setext,30
application/vnd.iso.19139+xml,30
text/x-aspectj,30
application/octect-stream,30
application/x-solartech-update,29
application/vnd.google-earth.gpx+xml,29
application/vnd.clonk.c4group,28
model/vnd.valve.source.compiled-map,28
application/x-ms-compress-szdd,28
application/vnd.openstreetmap.data+xml,28
application/x-pnd,28
application/vnd.ms-excel.template.macroenabled.12,28
application/vnd.antix.game-component,27
text/x-bibliography,27
application/vnd.sun.xml.calc.template,27
application/samlmetadata+xml,27
text/vnd.wap.sl,26
application/x-python-code,26
application/x-httpd-ea-php55,26
image/webp,25
text/tab-separated-value,25
application/timestamp-response,25
application/csv,25
text/ckan_metapackage,25
text/x-uuencode,25
text/gettext,25
application/tunx,24
application/x-mmz,24
application/x-ace-compressed,24
text/x-applescript,24
application/stl,24
application/andrew-inset,24
text/x-velocity,23
application/font-woff,23
text/x-erlang,23
application/vnd.oasis.opendocument.chart,23
application/x-ibooks+zip,22
application/vnd.genomatix.tuxedo,22
text/markdown,22
application/x-lz4,22
text/bin,22
application/vnd.koan,22
image/x-raw-panasonic,22
application/vnd.lotus-1-2-3; version=1,21
audio/x-mpegurl,21
application/oebps-package+xml,21
application/x-musescore+xml,21
application/sparql-results+xml,21
application/mac-binhex40,21
application/winbolomap,20
application/x-adobe-indesign-interchange,20
video/x-msvideo,20
application/x-webarchive,20
application/vnd.stardivision.impress,20
text/x-opml+xml,20
text/x-ada,20
text/gemini,20
application/x-expandedbook,20
text/x-processing,19
application/x-tika-java-enterprise-archive,19
application/vnd.rim.cod,19
application/vnd.ant.fit,19
chemical/x-crossfire,19
application/oct-stream,19
text/x-cobol,19
audio/mp3,19
application/x-csv,19
application/x-nar+zip,19
application/x-vhd,18
text/style,18
model/vnd.gdl,18
application/vnd.dna,18
text/vnd.in3d.3dml,18
application/vnd.enliven,18
text/x-modula,17
application/x-perl,17
application/x-chess-pgn,17
application/vnd.adobe.aftereffects.project,17
application/x-mysql-misam-compressed-index,17
text/x-registry,17
text/vnd.dvb.subtitle,17
image/vnd.dxf,17
application/x-www-form-urlencoded,17
application/vnd.electricquilt.project.7,16
application/vnd.citationstyles.style+xml,16
application/fhir+xml,16
application/vnd.iso.19115+xml,16
application/dxf,16
application/x-ms-wmz,16
application/vnd.mif,16
text/pain,16
application/x-httpd-ea-php80,16
application/x-erdas-hfa,16
application/x-java-jnilib,16
application/vnd.iptc.g2.knowledgeitem+xml,15
application/vnd.powdertoy.save,15
application/x-mysql-table-definition,15
application/x-silverlight-app,15
application/x-foxmail,15
x-application/octet-stream,15
text/x-json,14
application/vnd.stardivision.calc,14
application/x-dvd-ifo,14
application/vnd.ms-excel.sheet.4,14
application/xaml+xml,14
text/bib,14
application/xv+xml,14
application/x-tads,14
application/octetstream,14
text/x-gettext-translation,14
application/x-mysql-misam-data,14
application/vnd.electricquilt.project.8,13
application/mac-compactpro,13
application/x-ms-reader,13
font/opentype,13
text/x-haml,13
text/x-dachs-rd+xml,13
text/rdf+ttl,13
application/x-unknown-content-type,13
application/vnd.hbci,12
text/*,12
application/vnd.acucobol,12
application/vnd.stardivision.writer,12
application/vnd.yellowriver-custom-menu,12
image/pjpeg,12
application/ideaconnection,12
text/gpx+xml,12
text/x-server-parsed-html,12
application/x-font-woff,12
chemical/x-mopac-input,12
application/vnd.ms-excel.addin.macroenabled.12,12
application/x-mswrite,11
text/rdf+nt,11
text/vnd.viathinksoft.oidip,11
application/protocol-buffer,11
text/vnd.a,11
application/warc,11
application/x-xfig,11
application/x-applescript,11
application/f4m+xml,11
application/x-commodore-lynx,11
application/x-prt,11
application/x-berkeley-db; format=hash,11
application/vnd.ecowin.chart,11
application/x-scratch-project,10
application/ti-nspire,10
httpd/unix-directory,10
x-nlk-alias/x-storable,10
application/gbx,10
application/x-sea,10
application/vnd.taverna.scufl+xml,10
application/vnd.oasis.opendocument.presentation-template,10
application/x-ns-proxy-autoconfig,10
application/daol-extension,10
application/vnd.mindjet.mindmanager,10
text/srt,10
audio/mpegurl,10
application/vnd.osgi.dp,9
application/illustrator+ps,9
application/x-trash,9
text/x-txt2tags,9
audio/flac,9
text/tg.work+xml,9
text/v-calendar,9
application/vnd.topografix.gpx+xml,9
text/obo,9
text/dns,9
application/x-go-sgf,9
application/x-httpd-ea-php73,9
text/mml,9
application/x-bbeb-book,9
application/simple-filter+xml,9
text/x-c++,9
text/x-cmake,8
application/vnd.fdf,8
multipart/x-zip,8
application/vcml+xml,8
text/csv.,8
application/x-dreamcast-vms-info,8
application/proses,8
model/vnd.collada+xml,8
application/x-force-download,8
application/jpg,8
application/x-lzx,8
doesn/matter,8
application/x-google-protobuf,8
image/x-cmx,8
application/ut,8
text/x-coffeescript,8
text/rss+xml,8
application/ptx_auto_file,8
application/x-httpd-ea-php72,8
unknown/nothing,8
text/x-mapcss,8
application/x-elf,8
application/vnd.jats+xml,7
application/vnd.framemaker,7
application/x-beyond2020,7
application/torrent,7
application/vnd.comicbook+zip,7
application/vnd.businessobjects,7
application/directory,7
text/x-sfv,7
text/vnd.fmi.flexstor,7
application/empf+zip,7
application/xquery,7
application/vnd.adobe.adept+xml,7
application/x-genesis-32x-rom,7
text/x-objc,7
application/g2f,7
application/x-ms-download,7
application/x-httpd-ea-php74,7
application/vnd.autopackage,7
application/cbor,7
application/x-adrift,7
application/vce,7
application/x-dreamcast-vms,7
application/vnd.ms-pki.seccat,7
application/vnd.mophun.application,6
application/octet-st,6
text/pgp,6
application/vnd.kinar,6
text/ldt,6
application/x-wa-scheme,6
application/ideadetail,6
application/vnd.electricquilt.project.mini,6
application/dcd,6
video/webm,6
application/x-tgif,6
application/vnd.vectorworks,6
image/*,6
text/blt,6
application/x-arj,6
application/x-ashx,6
application/vnd.sdmx.structure+xml,6
application/xpr,6
application/settlers,6
text/shex,6
application/x-msschedule,6
application/xls,6
application/x-iso,6
application/vnd.adobe.xdp+xml,6
text/vcalendar,5
application/dif10+xml,5
chemical/x-gaussian-cube,5
text/aspdotnet,5
text/x-forth,5
application/x-httpd-cgi,5
gpxapplication/gpx+xml,5
text/owl-manchester,5
application/vnd.ms-excel.sheet.3,5
text/inquisit-script4,5
application/calendar+xml,5
text/wkt,5
text/icalendar,5
application/x-msexcel,5
application/x-font-linux-psf,5
text/x-ruby-script,5
application/x-sas-data-v6,5
text/caledar,5
application/x-ttyrec,5
model/e57,5
application/vnd.americandynamics.acc,5
application/x-pmf,5
text/x-gettext,5
model/vrml,5
application/compsig,5
application/abr,5
application/marc+xml,5
application/vnd,5
application/onenote; format=package,5
application/vnd.sun.xml.draw,5
application/x-filemaker,4
application/blend,4
file/download,4
application/packettracer,4
text/x-pcs-gcd,4
application/vnd.lotus-1-2-3; version=2,4
application/vnd.unity,4
text/x-pod,4
application/x-binary,4
application/x-appleworks,4
application/vnd.oasis.opendocument.graphics-template,4
application/vnd.mobius.daf,4
application/xrds+xml,4
application/vnd.wolfram.wl,4
text/scriptlet,4
application/vnd.oasis.opendocument.text-master,4
text/x-boo,4
application/compiled-resource,4
application/vnd.rapidminer.rmp+zip,4
application/x-dsk,4
application/dita+xml; format=topic,4
applicatin/download,4
application/vnd.wordperfect; version=5.0,4
application/vnd.nintendo.snes.rom,4
text/tg.inputform+rdf+xml,4
unknown/d,4
text/plaintext,4
text/udo,4
application/nwc,4
application/vnd.epson.msf,4
application/replay,4
text/x-script.python,4
application/x-xz,4
text/x-algol68,4
text/vnd.debian.copyright,4
image/bmp,4
application/vnd.wf4ever.robundle+zip,4
chemical/x-gaussian-wavefunction,4
application/x-csh,4
application/vnd.wordperfect,4
application/auto,4
application/x-info,4
application/x-httpd-ea-php70,4
application/x-blender,4
application/x-php,4
chemical/x-mnova,4
application/x-httpd-ea-php56,4
application/vnd.lotus-1-2-3; version=97+9.x,4
application/gpx,4
application/xproc+xml,4
application/x-gsp,4
text/ifc,4
application/tbx,4
model/mesh,4
plain/text,3
application/vnd.ms-visio.template,3
application/vnd.accpac.simply.imp,3
application/yxdb,3
application/x-cdf,3
application/vnd.comsol,3
application/x-x509-dsa-parameters,3
application/x-dtbncx+xml,3
application/vnd.synthedit.project-file,3
text/type,3
application/png,3
application/vnd.lotus-1-2-3,3
chemical/x-molconn-z,3
text/rmd,3
appliation/octet-stream,3
application/autocad,3
application/vnd.balsamiq.bmml+xml,3
text/bibliography,3
application/x-pkcs12,3
application/vnd.hpe.signed-binary,3
audio/x-vclt,3
text/asp,3
application/vnd.hp-pcl,3
x-cmapstylesheet/x-storable,3
application/x-vuze,3
text/vnd.curl,3
application/ln.gossip,3
application/x-imagewebserver-ecw,3
application/x-mw2-plugin,3
text/provenance-notation,3
application/voicexml+xml,3
application/grpc,3
application/vnd.excel,3
application/sc2replay,3
application/mpr,3
text/vnd.fly,3
application/vnd.nintendo.nitro.rom,3
application/x-sobres,3
application/vnd.electricquilt.project.qdw,3
application/x-axcrypt,3
chemical/x-compass,3
application/vnd.iptc.g2.newsmessage+xml,3
text/kdl,3
application/vnd.groove-tool-message,3
application/iso19115+xml,3
chemical/x-jcamp-dx,3
applications/octet-stream,3
text/error,3
application/vnd.oasis.opendocument.formula,3
text/x-dbus-service,3
text/inquisit,3
application-x/force-download,3
application/vnd.openxmlformats-officedocument.word,3
application/vnd.rar,3
application/java-serialized-object,3
application/vnd.ogc.sld+xml,2
application/vnd.electricquilt.project.5,2
application/vnd.commonspace,2
application/vnd.mobius.mbk,2
application/vnd.lotus-wordpro,2
application/vnd.wap.mms-message,2
application/dgofile,2
application/vnd.mastertool.file,2
application/x-unkown,2
application/valve-pak,2
text/uri-list,2
application/x-brother-pes,2
audio/ogg,2
text/x-clojure,2
application/tsu,2
application/pg_dump,2
application/vnd.ms-visio.stencil,2
application/vnd.oma.dd+xml,2
application/msword2,2
text/x-texmacs.doc,2
application/timestamped-data,2
multipart/form-data,2
text/x-pug,2
application/x-berkeley-db; format=hash; version=3,2
application/umd,2
text/x-script.r,2
application/vnd.openxmlformats,2
text/x-qml,2
application/pro_eng,2
application/srgs+xml,2
application/x.vnd.ibis.ibispaintx,2
application/stp+xml,2
application/lyt,2
archive/zip,2
text/x-opml,2
text/x-reject,2
application/pkcs8,2
application/gpub+zip,2
chemical/x-cml,2
application/vmd.lotus-freelance,2
application/xrd+xml,2
application/wdl,2
application/n-triples,2
text/lrc,2
font/x-woff,2
text/richtext,2
application/x-t3vm-image,2
audio/midi,2
application/bizagi-modeler,2
application/x-file-download,2
application/vnd.etsi.asic-s+zip,2
text/x-zmk,2
text/jsx,2
application/$image_active,2
application/x-project,2
application/x-activemime,2
application/mic,2
application/x-authorware-bin,2
application/x-coredump,2
image/x-portable-graymap,2
audio/m4r,2
application/vnd.adobe.xfdf,2
x-type/subtype,2
application/vnd.oasis.opendocument.text-web,2
application/w3g,2
application/vnd.electricquilt.blockdata,2
document/unknown,2
application/x-compressed,2
text/vnd.ascii-art,2
application/x-spectrum-tap,2
application/x-chat,2
application/vnd.fos.user-context-hash,2
application/x-vdi-disk,2
application/x-extension-wings,2
text/x-dsrc,2
application/ris,2
text/stl,2
application/x-qemu-disk,2
text/x-hdml,2
application/phraseexpress,2
application/pkcs7-mime,2
application/cu-seeme,2
text/ies,2
application/protobuf,2
application/vnd.webturbo,2
application/vnd.sun.xml.draw.template,2
image/x-3ds,2
application/vnd.arastra.swi,2
application/x-chips-challenge-levels,2
model/caligari,2
application/x-gettext-translation,2
video/x-ms-wmv,2
application/x-roxio-toast,2
application/vnd.java.hprof,2
application/vnd.oasis.opendocument.flat.text,2
application/x-rev,2
application/pgnviewer,2
text/fasta,1
text/rdf+json,1
application/stream-octet,1
application/x-gnupg-keyring,1
application/t-time,1
application/x-mscardfile,1
application/x-quattro-pro; version=6,1
application/vnd.ms-artgalry,1
text/x-html-template,1
application/x-navimap,1
save/fasta-format,1
application/isis,1
application/provenance+xml,1
application/msaccess,1
application/dita+xml; format=task,1
text/vnd.ficlab.flt,1
application/fbx,1
application/tamp-sequence-adjust-confirm,1
application/rdf+thrift,1
text/plain',1
application/amstrad-cpc-rom,1
x-conference/x-cooltalk,1
text/rdf,1
application/vnd.stardivision.writer-global,1
text/.plain,1
application/vnd.ms-pki.certstore,1
application/vnd.ipld.raw,1
text/x-vala,1
application/xlsx,1
application/opml+xml,1
application/ccxml+xml,1
text/adf,1
application/x-git,1
application/vnd.ipld.car,1
application/vnd.ms-outlook-pst,1
application/vnd.yamaha.smaf-audio,1
application/x-tar,1
application/x-kjx,1
text/x-gherkin,1
text/afl,1
application/x-quattro-pro,1
application/pkix-attr-cert,1
application/exe,1
application/msword5,1
application/step,1
text/xsd+xml,1
application/x-loderunner-levels,1
application/x-libronix-update,1
application/x-wine-extension-ini,1
application/vnd.electricquilt.fabric,1
application/x-rar-compressed,1
application/x-json-stream,1
application/livecode,1
application/x-lzma,1
image/pdf,1
application/vnd.anyrail,1
x-soup/x-storable,1
application/x-xtreme-compressed,1
file/pdf,1
application/x-msterminal,1
drawing/lcf,1
application/dita+xml; format=concept,1
application/x-berkeley-db; format=hash; version=4,1
application/x-berkeley-db; format=hash; version=5,1
text/tsx,1
application/vnd.ms-visio.drawing.macroenabled.12,1
application/x-mld,1
application/vnd.hippo.blank,1
image/x-portable-anymap,1
chemical/x-swissprot,1
application/vnd.etsi.tsl+xml,1
image/x-xcf,1
application/docbook+xml,1
chemical/x-vamas-iso14976,1
application/x-pcenv-cellml+xml,1
application/ocd,1
video/x-m4v,1
application/resource-lists+xml,1
text/explain,1
application/x-d64,1
application/doc,1
text/x-marc,1
text/x-dsl,1
application/vnd.sun.wadl+xml,1
application/fly,1
application/x-chk-compressed,1
font/shx,1
application/vnd.ms-powerpoint.template.macroenabled.12,1
text/vnd.familysearch.gedcom,1
application/vnd.adobe.fxp,1
application/scvp-cv-response,1
application/x-corelpresentations,1
image/vnd.tencent.tap,1
application/x-mpegurl,1
text/x-genie,1
application/vnd.fsc.weblaunch,1
application/vnd.fluxtime.clip,1
application/docx,1
images/gifts,1
chemical/x-chem3d,1
application/scvp-vp-response,1
application/x-keepass2,1
application/x-dosexec,1
application/vnd.lnp-bp.rgb,1
application/fpf+zip,1
application/x-fpt,1
application/x-isatab-assay,1
application/vnd.mapbox-vector-tile,1
application/rdf+protobuf,1
application/.octet-stream,1
text/prs.fallenstein.rst,1
application/x-glulx,1
application/x-gemini+xml,1
application/fedora-unmodified,1
application/octer-stream,1
application/vnd.cosmocaller,1
application/x-ms-nls,1
application/vnd.pocketlearn,1
text/plaintxt,1
model/iges,1
application/x-internet-archive,1
text/vnd.net2phone.commcenter.command,1
metahtml/interpreted,1
text/x-unknown-content-type,1
text/ascii,1
application/x-netcdf,1
application/ifc,1
text/x.gcode,1
application/geo+json,1
video/quicktime,1
text/trig,1
application/pgp-keys,1
audio/x-scpls,1
applications/rdf+xml,1
application/x-httpd-php5,1
application/gdb,1
chemical/x-cache,1
text/calender,1
application/octec-stream,1
audio/x-m3u,1
model/vnd.vtu,1
application/x-cbm-disk-image,1
application/.,1
application/vnd.wap.xhtml+xml,1
application/x-sas-program-data,1
application/ideabeam,1
application/ohttp-keys,1
application/ics,1
application/vnd.maxmind.maxmind-db,1
application/x-httpd-suphp,1
application/vnd.previewsystems.box,1
application/idearcs,1
text/ical,1
application/vnd.realvnc.bed,1
application/prs.nprend,1
application/x-font-ghostscript,1
application/timestamp-query,1
application/ema+zip,1
application/x-js,1
text/x-python-script,1
application/x-octetstream,1
application/fdt+xml,1
text/x-org,1
application/vnd.oasis.opendocument.base,1
audio/x-mod,1
text/x-arduino,1
application/dsk,1
text/x-ascend,1
x-font/woff,1
application/octet-streams,1
application/x-git-bundle,1
images/gifs,1
x-lml/x-lmlpack,1
text/x-texmacs,1
application/vnd.oma.drm.content,1
application/2kp,1
application/x-font-adobe-metric,1
application/vnd.yamaha.smaf-phrase,1
application/resource-lists-diff+xml,1
application/x-sstp,1
application/x-tex-pk,1
application/x-sas-catalog,1
image/x-raw-olympus,1
text/javacript,1
application/gd,1
application/vnd.eri.thm,1
audio/x-pn-realaudio,1
application/x-dzip,1
application/pbf,1
application/octet-stream+fit,1
image/vnd.fst,1
application/vnd.api+json,1
application/protocol-bufer,1
text/org,1
text/gwdl.workflow+xml,1
application/x-feescale,1
text/shaclc,1
chemical/x-mdl-sdfile,1
application/x-qgis,1
test/plain,1
application/ewdf,1
application/x-ruby,1
application/vnd.trueapp,1
application/x-msmoney,1
chemical/mdl-sdf,1
font/collection,1
application/macbinary,1
application/vnd.chemdraw+xml,1
