mime,count
text/html,56546402
application/pdf,4471311
application/xhtml+xml,1566671
text/plain,73045
application/xml,34263
application/octet-stream,33884
application/rss+xml,11205
application/epub+zip,10450
application/x-asprs,9798
application/x-tika-ooxml,5832
application/x-tika-msoffice,5354
application/json,5217
text/csv,4689
application/x-executable,4259
application/x-mobipocket-ebook,3925
text/x-robots,3465
application/vnd.openxmlformats-officedocument.presentationml.slideshow,3452
application/atom+xml,3364
application/x-idl-save-file,3332
application/postscript,3171
application/x-sh,3004
application/vnd.openxmlformats-officedocument.presentationml.presentation,2934
text/x-log,2845
text/x-perl,2377
application/vnd.openxmlformats-officedocument.wordprocessingml.document,2364
application/x-jigdo,2174
application/msword,2004
application/vnd.openxmlformats-officedocument.spreadsheetml.sheet,1682
application/vnd.ms-cab-compressed,1565
application/force-download,1551
application/illustrator,1526
application/vnd.ms-excel,1295
application/x-sqlite3,1285
application/vnd.fdsn.mseed,1280
application/vnd.google-earth.kmz,969
application/vnd.ms-powerpoint,934
application/pkcs7-signature,813
application/rtf,794
text/calendar,786
application/ogg,774
application/x-matlab-data,764
application/rdf+xml,761
application/marc,751
application/mbox,673
application/vnd.oasis.opendocument.text,646
application/x-tika-java-web-archive,636
application/x-gtar,635
application/x-zim,624
application/vnd.ms-excel.sheet.macroenabled.12,619
text/x-vcard,618
application/vnd.google-earth.kml+xml,582
application/x-sharedlib,564
application/vnd.symbian.install,561
application/x-archive,555
application/x-pds,484
application/x-iso9660-image,464
application/vnd.apple.keynote,462
text/troff,448
application/vnd.ms-excel.sheet.binary.macroenabled.12,445
application/gpx+xml,433
application/zlib,420
application/dicom,419
application/vnd.oasis.opendocument.presentation,406
application/x-stata-dta; version=14,389
application/vnd.iccprofile,379
application/mathematica,368
application/x-ms-installer,368
text/tab-separated-values,346
application/vnd.apple.mpegurl,339
application/vnd.rn-realmedia,337
binary/octet-stream,336
application/x-doom,330
application/x-fictionbook+xml,301
application/x-itunes-ipa,293
application/pgp-encrypted,283
application/vnd.opendap.dap4.data,277
application/vnd.ms-htmlhelp,271
application/x-dbf,269
application/mxf,264
application/vnd.ms-pki.stl,262
text/x-diff,255
application/x-adobe-indesign,238
chemical/x-pdb,237
application/x-msaccess,237
multipart/related,231
application/x-httpresponse,231
text/x-sql,230
application/x-matroska,223
multipart/x-mixed-replace,216
application/x-mspublisher,203
application/x-download,199
application/vnd.spotfire.sfs,192
application/vnd.etsi.asic-e+zip,189
application/vnd.openofficeorg.extension,163
application/vnd.xara,152
application/sla,152
application/x-mach-o,148
text/x-matlab,145
application/x-fat-diskimage,136
application/java-archive,134
application/x-vmdk,117
application/x-berkeley-db; format=btree; version=4,116
application/vnd.ms-spreadsheetml,112
application/vnd.ms-powerpoint.presentation.macroenabled.12,111
application/x-cpio,110
application/x-lha,109
application/vnd.sdmx.genericdata+xml,97
application/x-shockwave-flash,96
message/rfc822,95
application/vnd.oasis.opendocument.spreadsheet,91
application/vnd.ms-word.document.macroenabled.12,89
application/x-x509-cert; format=der,89
application/x-unknown,84
application/x-bibtex-text-file,83
application/x-futuresplash,82
model/vnd.usdz+zip,80
application/coreldraw,79
application/x-grib,76
application/javascript,76
application/vnd.apple.pages,76
application/x-compress,74
text/turtle,69
text/x-php,66
application/vnd.ms-wordml,66
application/vnd.ms-xpsdocument,65
application/x-spss-sav,65
application/x-font-ttf,64
application/vnd.openxmlformats-officedocument.presentationml.template,64
x-force/download,63
application/sldworks,60
application/gml+xml,60
application/mp3,57
application/x-shapefile,55
application/x-stata-dta,53
application/vnd.openxmlformats-officedocument.wordprocessingml.template,53
text/x-asciidoc,52
application/x-xliff+xml,52
application/x-apple-diskimage,51
model/vnd.dwf; version=6,51
application/x-lharc,50
application/vnd.isac.fcs,50
text/x-config,50
text/txt,49
application/x-parquet,48
application/x-up-download,46
application/x-director,45
model/vnd.mts,45
application/x-hwp,43
application/lrf,43
application/stream,42
application/dita+xml; format=map,42
file/unknown,42
text/x-yaml,40
application/vnd.ms-powerpoint.slideshow.macroenabled.12,40
application/x-font-bdf,38
application/x-atf+xml,35
application/data,34
application/download,33
application/vnd.ms-word2006ml,33
application/x-zsync,32
application/x-stata-do,32
application/x-sas-data,31
application/x-dvi,31
text/x-vhdl,31
model/gltf-binary,31
application/vnd.adobe.air-application-installer-package+zip,30
application/x-modrinth-modpack+zip,30
text/x-chdr,30
application/x-tmx,30
application/save,30
application/vnd.ms-outlook,29
application/envi.hdr,28
text/x-web-markdown,28
application/vnd.oasis.opendocument.graphics,28
application/x-makeself,26
application/vnd.visio,26
application/x-pnd,26
application/x-object,25
application/x-chrome-package,24
model/vnd.valve.source.compiled-map,24
text/x-aspectj,24
text/event-stream,23
application/x-mmz,23
application/vnd.sun.xml.calc.template,23
application/x-ibooks+zip,22
text/x-lua,22
application/x-sas-xport,22
application/x-lz4,22
application/x-stuffit,21
text/css,21
text/x-actionscript,21
application/xml-dtd,21
application/applixware,20
text/x-csrc,20
unknown/unknown,20
application/pwml+xml,19
application/x-vhd,18
application/vnd.tcpdump.pcap,17
application/xslt+xml,17
application/rsd+xml,17
application/vnd.apple.numbers,17
application/vnd.oasis.opendocument.tika.flat.document,17
application/vnd.quark.quarkxpress,16
application/onix-message+xml,16
text/x-python,16
application/x-xmind,15
text/vnd.trolltech.linguist,13
text/vnd.in3d.3dml,13
application/x-www-form-urlencoded,13
application/vnd.electricquilt.project.7,12
application/x-silverlight-app,12
application/x-unknown-content-type,12
text/x-objcsrc,12
chemical/x-mopac-input,11
application/vnd.electricquilt.project.8,10
model/vnd.dwfx+xps,10
text/x-c++src,10
text/x-assembly,10
application/daol-extension,10
application/x-stata-dta; version=13,10
application/vnd.genomatix.tuxedo,9
application/vnd.osgi.dp,9
application/x-bat,9
text/x-fortran,9
application/x-bplist,9
application/x-brotli,9
application/vnd.clonk.c4group,9
application/x-foxmail,9
text/x-prolog,9
application/hwp+zip,9
multipart/appledouble,8
application/vnd.openxmlformats-officedocument.spreadsheetml.template,8
application/vnd.tcpdump.pcapng,8
application/rom,8
application/x-ns-proxy-autoconfig,8
message/x-emlx,8
application/x-webarchive,8
application/x-plist,7
application/vnd.adobe.indesign-idml-package,7
application/x-beyond2020,7
text/x-ruby,7
application/vnd.comicbook+zip,7
application/x-solartech-update,6
application/vnd.stardivision.impress,6
text/x-ini,6
application/x-gbx,6
application/wasm,6
application/x-genesis-32x-rom,6
application/vnd.kinar,6
application/x-bittorrent,6
application/settlers,6
text/x-csv,6
model/vnd.gdl,6
model/vnd.collada+xml,6
application/x-iso,6
application/empf+zip,6
application/vnd.ms-visio.drawing,5
application/vnd.fujixerox.docuworks,5
application/vnd.curl.car,5
model/e57,5
application/octetstream,5
application/vnd.autopackage,5
application/x-xfig,5
application/vnd.electricquilt.project.mini,5
application/vce,5
application/samlmetadata+xml,5
application/smil+xml,5
application/vnd.groove-tool-template,5
application/vnd.ms-fontobject,5
application/x-scratch-project,4
text/x-pcs-gcd,4
application/vnd.adobe.aftereffects.project,4
application/vnd.unity,4
application/pkix-crl,4
application/x-tika-java-enterprise-archive,4
text/comma-separated-values,4
text/x-pascal,4
application/vnd.mobius.daf,4
application/vnd.mif,4
application/x-sas-data-v6,4
text/tsv,4
application/vnd.openstreetmap.data+xml,4
application/x-erdas-hfa,4
application/applefile,4
text/x-stsrc,4
application/x-java-jnilib,4
application/vnd.ms-works,4
application/vnd.ms-excel.template.macroenabled.12,4
application/dif+xml,4
application/vnd.wordperfect; version=5.1,4
application/xaml+xml,4
application/tei+xml,4
application/vnd.recordare.musicxml+xml,4
application/x-elf,4
application/wsdl+xml,3
application/mac-compactpro,3
application/vnd.comsol,3
application/dxf,3
file/download,3
application/x-font-linux-psf,3
application/x-endnote-refer,3
application/vnd.musician,3
application/ut,3
application/x-ace-compressed,3
application/vnd.ms-project,3
application/pls+xml,3
application/onenote; format=one,3
application/x-berkeley-db; format=hash,3
application/winhlp,3
text/x-patch,3
application/vnd.hpe.signed-binary,3
chemical/x-mnova,3
chemical/x-jcamp-dx,3
application/warc,3
application/ideadetail,3
application/pgp-signature,3
application/onenote; format=package,3
application/dcd,3
text/x-component,3
application/mac-binhex40,3
application/vnd.yellowriver-custom-menu,3
application/x-imagewebserver-ecw,3
model/mesh,3
x-application/octet-stream,3
application/octect-stream,3
application/vnd.sun.xml.impress,3
application/java-serialized-object,3
text/x-csharp,2
application/vnd.epson.msf,2
text/x-comma-separated-values,2
application/mpr,2
text/x-uuencode,2
application/vnd.framemaker,2
application/x-authorware-bin,2
application/vnd.nintendo.nitro.rom,2
application/tsu,2
text/obo,2
application/x-ms-reader,2
application/pg_dump,2
text/x-rst,2
application/protocol-buffer,2
application/vnd.electricquilt.project.qdw,2
application/x-axcrypt,2
application/x-octet-stream,2
application/vnd.oasis.opendocument.text-template,2
application/vnd.sun.xml.writer,2
text/x-vbasic,2
application/vnd.ms-tnef,2
application/autocad,2
application/x-vdi-disk,2
application/vnd.iptc.g2.newsmessage+xml,2
text/x-scheme,2
application/x-qemu-disk,2
text/cache-manifest,2
application/x.vnd.ibis.ibispaintx,2
text/x-common-lisp,2
application/cu-seeme,2
application/xls,2
application/x-adrift,2
application/vnd.nintendo.snes.rom,2
application/vnd.ms-excel.addin.macroenabled.12,2
application/x-roxio-toast,2
application/vnd.java.hprof,2
application/vnd.rar,2
application/x-nar+zip,2
text/json,2
text/x-gettext-catalog,1
text/x-vbdotnet,1
application/x-atari-floppy-disk-image,1
application/bizagi-modeler,1
doesn/matter,1
text/rdf+n3,1
application/vnd.stardivision.draw,1
application/x-sas,1
application/vnd.ms-visio.template,1
text/x.gcode,1
application/isis,1
application/yxdb,1
application/x-sea,1
application/vnd.ms-word.template.macroenabled.12,1
application/msaccess,1
application/fbx,1
text/x-d,1
application/xquery,1
text/x-po,1
text/tab-separated-value,1
text/uri-list,1
application/x-subrip,1
application/x-coredump,1
application/vnd.maxmind.maxmind-db,1
text/x-delimtext,1
application/vnd.yamaha.smaf-audio,1
application/vnd.oasis.opendocument.presentation-template,1
application/octet-st,1
application/vnd.stardivision.calc,1
application/prs.nprend,1
application/vnd.oma.dd+xml,1
application/msword5,1
application/x-protobuf,1
application/csv,1
application/ema+zip,1
application/x-dtbook+xml,1
text/pgn,1
application/x-amiga-disk-format,1
application/vnd.electricquilt.fabric,1
application/stl,1
application/png,1
application/vnd.vectorworks,1
text/vtt,1
text/php,1
chemical/x-compass,1
application/vnd.apple.installer+xml,1
application/x-adobe-indesign-interchange,1
application/x-berkeley-db; format=hash; version=5,1
chemical/x-swissprot,1
application/x-git-bundle,1
application/vnd.americandynamics.acc,1
application/x-trash,1
text/x-c++hdr,1
application/2kp,1
application/x-tex-pk,1
model/x3d+xml,1
application/x-ror-rdf+xml,1
application/vnd.mcd,1
application/vnd.oasis.opendocument.text-master,1
application/java-vm,1
application/pro_eng,1
application/x-dtbresource+xml,1
application/x-chk-compressed,1
application/x-font-otf,1
application/vnd.ms-powerpoint.template.macroenabled.12,1
application/scvp-cv-response,1
application/x-dsk,1
application/vnd.hp-pcl,1
application/stp+xml,1
application/pbf,1
application/vnd,1
chemical/x-chem3d,1
application/x-font-type1,1
application/x-bbeb-book,1
text/ifc,1
text/x-jsp,1
application/fpf+zip,1
application/x-vuze,1
application/vnd.wordperfect; version=6.x,1
application/vnd.wordperfect; version=5.0,1
application/vmd.lotus-freelance,1
model/caligari,1
text/x-basic,1
application/vnd.stardivision.writer,1
text/markdown,1
application/dash+xml,1
application/x-msmoney,1
application/rls-services+xml,1
model/iges,1
application/vnd.oasis.opendocument.chart,1
application/x-gpx+xml,1
chemical/x-xyz,1
application/vnd.taverna.t2flow+xml,1
application/x-elc,1
application/x-rev,1
text/x-rsrc,1
application/xspf+xml,1
